25-Feb-2008 00:20:14,25-Feb-2008 00:22:57,24,1
25-Feb-2008 09:33:40,25-Feb-2008 09:33:41,24,1
25-Feb-2008 09:33:46,25-Feb-2008 17:21:12,24,1
25-Feb-2008 09:36:43,25-Feb-2008 09:37:03,5,1
25-Feb-2008 09:37:20,25-Feb-2008 09:37:23,6,1
25-Feb-2008 09:37:50,25-Feb-2008 09:37:51,14,1
25-Feb-2008 09:37:54,25-Feb-2008 09:37:55,14,1
25-Feb-2008 09:37:57,25-Feb-2008 09:38:00,6,1
25-Feb-2008 09:49:27,25-Feb-2008 09:49:28,9,1
25-Feb-2008 09:49:30,25-Feb-2008 09:49:38,9,1
25-Feb-2008 09:49:38,25-Feb-2008 09:49:43,8,1
25-Feb-2008 09:49:53,25-Feb-2008 09:49:56,8,1
25-Feb-2008 09:49:58,25-Feb-2008 09:50:04,1,1
25-Feb-2008 09:50:39,25-Feb-2008 09:50:41,23,1
25-Feb-2008 09:52:10,25-Feb-2008 09:53:20,1,1
25-Feb-2008 09:53:22,25-Feb-2008 09:53:24,23,1
25-Feb-2008 09:57:23,25-Feb-2008 10:01:26,13,1
25-Feb-2008 09:57:45,25-Feb-2008 09:58:28,9,1
25-Feb-2008 09:58:32,25-Feb-2008 09:58:34,18,1
25-Feb-2008 09:59:16,25-Feb-2008 09:59:18,7,1
25-Feb-2008 09:59:59,25-Feb-2008 10:00:03,9,1
25-Feb-2008 10:02:31,25-Feb-2008 10:02:53,5,1
25-Feb-2008 10:10:15,25-Feb-2008 10:10:16,5,1
25-Feb-2008 10:10:20,25-Feb-2008 17:00:28,5,1
25-Feb-2008 10:19:27,25-Feb-2008 10:19:31,12,1
25-Feb-2008 16:54:36,25-Feb-2008 16:54:41,12,1
25-Feb-2008 16:59:03,25-Feb-2008 16:59:10,8,1
25-Feb-2008 16:59:14,25-Feb-2008 16:59:42,23,1
25-Feb-2008 16:59:47,25-Feb-2008 16:59:51,8,1
25-Feb-2008 17:00:32,25-Feb-2008 17:00:37,6,1
25-Feb-2008 17:01:21,25-Feb-2008 17:01:22,14,1
25-Feb-2008 17:01:27,25-Feb-2008 17:01:31,6,1
25-Feb-2008 17:17:38,25-Feb-2008 17:17:39,18,1
25-Feb-2008 17:17:42,25-Feb-2008 17:17:43,18,1
25-Feb-2008 17:17:48,25-Feb-2008 17:17:50,18,1
25-Feb-2008 17:19:38,25-Feb-2008 17:19:43,12,1
25-Feb-2008 17:22:47,25-Feb-2008 17:22:49,18,1
25-Feb-2008 17:55:00,25-Feb-2008 17:55:01,8,1
25-Feb-2008 17:55:05,25-Feb-2008 17:55:16,8,1
25-Feb-2008 17:55:08,25-Feb-2008 17:55:10,7,1
25-Feb-2008 17:55:11,25-Feb-2008 17:55:12,7,1
25-Feb-2008 17:55:14,25-Feb-2008 17:55:16,7,1
25-Feb-2008 17:55:27,25-Feb-2008 17:55:29,8,1
25-Feb-2008 17:55:42,25-Feb-2008 17:55:46,8,1
25-Feb-2008 18:31:57,25-Feb-2008 18:32:01,6,1
25-Feb-2008 18:32:07,25-Feb-2008 18:32:08,6,1
25-Feb-2008 18:33:04,25-Feb-2008 18:33:06,14,1
25-Feb-2008 18:33:33,25-Feb-2008 18:33:35,6,1
25-Feb-2008 19:21:33,25-Feb-2008 19:21:35,24,1
25-Feb-2008 19:21:39,25-Feb-2008 19:21:48,24,1
25-Feb-2008 19:36:16,25-Feb-2008 19:36:18,7,1
25-Feb-2008 19:40:26,25-Feb-2008 19:40:45,23,1
25-Feb-2008 19:40:47,25-Feb-2008 19:40:58,8,1
25-Feb-2008 19:40:59,25-Feb-2008 19:41:00,8,1
25-Feb-2008 19:41:02,25-Feb-2008 19:41:03,8,1
25-Feb-2008 19:41:08,25-Feb-2008 19:41:09,8,1
25-Feb-2008 19:41:22,25-Feb-2008 19:41:41,8,1
25-Feb-2008 19:41:42,25-Feb-2008 19:43:04,23,1
25-Feb-2008 19:47:03,25-Feb-2008 19:47:05,8,1
25-Feb-2008 19:54:10,25-Feb-2008 19:54:13,9,1
25-Feb-2008 19:55:59,25-Feb-2008 19:56:01,18,1
25-Feb-2008 19:56:03,25-Feb-2008 23:11:37,18,1
25-Feb-2008 19:56:20,25-Feb-2008 19:56:21,7,1
25-Feb-2008 19:56:25,25-Feb-2008 19:56:31,7,1
25-Feb-2008 19:57:19,25-Feb-2008 19:57:34,17,1
25-Feb-2008 20:00:32,25-Feb-2008 20:00:35,8,1
25-Feb-2008 20:00:50,25-Feb-2008 20:00:52,8,1
25-Feb-2008 20:01:46,25-Feb-2008 20:01:48,8,1
25-Feb-2008 20:01:55,25-Feb-2008 20:01:57,9,1
25-Feb-2008 20:04:19,25-Feb-2008 20:04:20,1,1
25-Feb-2008 20:04:46,25-Feb-2008 20:10:42,1,1
25-Feb-2008 20:10:43,25-Feb-2008 20:10:44,8,1
25-Feb-2008 20:18:02,25-Feb-2008 20:18:03,8,1
25-Feb-2008 20:19:49,25-Feb-2008 20:19:56,9,1
25-Feb-2008 20:20:28,25-Feb-2008 20:20:33,8,1
25-Feb-2008 20:23:13,25-Feb-2008 20:23:17,8,1
25-Feb-2008 20:23:31,25-Feb-2008 20:23:35,8,1
25-Feb-2008 21:08:48,25-Feb-2008 21:08:50,5,1
25-Feb-2008 21:08:50,25-Feb-2008 21:08:52,5,1
25-Feb-2008 21:45:40,25-Feb-2008 21:45:44,8,1
25-Feb-2008 21:51:31,25-Feb-2008 21:51:33,6,1
25-Feb-2008 21:51:36,25-Feb-2008 21:51:42,6,1
25-Feb-2008 21:52:07,25-Feb-2008 21:52:08,14,1
25-Feb-2008 21:52:28,25-Feb-2008 21:52:30,6,1
25-Feb-2008 21:54:46,25-Feb-2008 21:55:17,12,1
25-Feb-2008 21:55:34,25-Feb-2008 21:55:39,9,1
25-Feb-2008 21:56:02,25-Feb-2008 21:56:03,1,1
25-Feb-2008 21:59:01,25-Feb-2008 21:59:05,1,1
25-Feb-2008 23:05:56,25-Feb-2008 23:05:58,13,1
25-Feb-2008 23:06:02,25-Feb-2008 23:19:04,13,1
25-Feb-2008 23:11:40,25-Feb-2008 23:11:41,18,1
25-Feb-2008 23:19:07,25-Feb-2008 23:19:08,13,1
25-Feb-2008 23:21:23,25-Feb-2008 23:30:56,24,1
25-Feb-2008 23:22:30,25-Feb-2008 23:24:34,5,1
25-Feb-2008 23:28:30,25-Feb-2008 23:28:32,6,1
25-Feb-2008 23:28:36,25-Feb-2008 23:29:11,6,1
25-Feb-2008 23:30:12,25-Feb-2008 23:30:51,5,1
25-Feb-2008 23:31:52,25-Feb-2008 23:32:29,24,1
25-Feb-2008 23:32:32,25-Feb-2008 23:32:33,24,1
26-Feb-2008 00:38:48,26-Feb-2008 00:38:49,24,1
26-Feb-2008 00:38:52,26-Feb-2008 00:38:58,5,1
26-Feb-2008 00:38:52,26-Feb-2008 00:39:41,24,1
26-Feb-2008 00:38:59,26-Feb-2008 00:39:00,5,1
26-Feb-2008 00:39:02,26-Feb-2008 00:39:04,5,1
26-Feb-2008 00:39:08,26-Feb-2008 00:39:09,5,1
26-Feb-2008 00:39:21,26-Feb-2008 00:39:22,5,1
26-Feb-2008 00:39:24,26-Feb-2008 00:39:26,14,1
26-Feb-2008 00:39:45,26-Feb-2008 00:39:46,5,1
26-Feb-2008 00:40:21,26-Feb-2008 00:40:23,5,1
26-Feb-2008 00:40:57,26-Feb-2008 00:40:59,5,1
26-Feb-2008 00:46:21,26-Feb-2008 00:46:23,24,1
26-Feb-2008 00:46:27,26-Feb-2008 03:14:42,24,1
26-Feb-2008 03:13:41,26-Feb-2008 03:13:45,6,1
26-Feb-2008 03:14:35,26-Feb-2008 03:14:37,14,1
26-Feb-2008 03:14:39,26-Feb-2008 03:14:40,6,1
26-Feb-2008 08:35:56,26-Feb-2008 08:35:57,24,1
26-Feb-2008 08:35:59,26-Feb-2008 08:36:04,6,1
26-Feb-2008 08:36:01,26-Feb-2008 08:36:02,24,1
26-Feb-2008 08:36:08,26-Feb-2008 08:36:38,24,1
26-Feb-2008 08:36:32,26-Feb-2008 08:36:36,6,1
26-Feb-2008 09:15:23,26-Feb-2008 09:15:25,24,1
26-Feb-2008 09:15:29,26-Feb-2008 23:02:40,24,1
26-Feb-2008 09:15:40,26-Feb-2008 09:15:43,6,1
26-Feb-2008 09:18:43,26-Feb-2008 09:18:56,6,1
26-Feb-2008 09:18:43,26-Feb-2008 09:18:45,14,1
26-Feb-2008 09:26:45,26-Feb-2008 09:26:49,9,1
26-Feb-2008 09:26:49,26-Feb-2008 09:26:57,23,1
26-Feb-2008 09:27:15,26-Feb-2008 09:27:19,23,1
26-Feb-2008 09:28:31,26-Feb-2008 09:28:33,8,1
26-Feb-2008 09:28:57,26-Feb-2008 09:29:01,8,1
26-Feb-2008 09:48:11,26-Feb-2008 09:48:12,5,1
26-Feb-2008 09:48:16,26-Feb-2008 09:48:22,5,1
26-Feb-2008 09:58:03,26-Feb-2008 09:58:04,5,1
26-Feb-2008 09:58:08,26-Feb-2008 23:01:07,5,1
26-Feb-2008 10:06:17,26-Feb-2008 10:06:23,12,1
26-Feb-2008 20:31:34,26-Feb-2008 20:31:35,12,1
26-Feb-2008 20:31:39,26-Feb-2008 20:31:47,12,1
26-Feb-2008 20:33:40,26-Feb-2008 20:35:05,6,1
26-Feb-2008 21:02:39,26-Feb-2008 21:02:43,6,1
26-Feb-2008 21:03:48,26-Feb-2008 21:03:50,14,1
26-Feb-2008 21:03:51,26-Feb-2008 21:03:55,6,1
26-Feb-2008 21:39:28,26-Feb-2008 21:39:30,8,1
26-Feb-2008 21:39:33,26-Feb-2008 21:39:42,8,1
26-Feb-2008 21:39:59,26-Feb-2008 21:40:01,7,1
26-Feb-2008 21:40:03,26-Feb-2008 21:40:07,8,1
26-Feb-2008 22:10:50,26-Feb-2008 22:10:52,12,1
26-Feb-2008 22:10:55,26-Feb-2008 22:11:16,12,1
26-Feb-2008 22:56:01,26-Feb-2008 22:56:05,6,1
26-Feb-2008 22:57:56,26-Feb-2008 22:57:58,14,1
26-Feb-2008 22:58:27,26-Feb-2008 22:58:31,6,1
26-Feb-2008 22:58:30,26-Feb-2008 22:58:31,6,1
26-Feb-2008 22:58:34,26-Feb-2008 22:58:35,6,1
26-Feb-2008 22:58:40,26-Feb-2008 22:58:42,6,1
26-Feb-2008 22:58:52,26-Feb-2008 22:58:53,6,1
26-Feb-2008 22:59:16,26-Feb-2008 22:59:18,6,1
26-Feb-2008 22:59:53,26-Feb-2008 22:59:55,6,1
26-Feb-2008 23:00:29,26-Feb-2008 23:00:30,6,1
26-Feb-2008 23:01:51,27-Feb-2008 08:16:58,5,1
27-Feb-2008 05:29:22,27-Feb-2008 05:30:23,24,1
27-Feb-2008 05:29:29,27-Feb-2008 05:29:33,6,1
27-Feb-2008 05:30:13,27-Feb-2008 05:30:14,14,1
27-Feb-2008 05:30:16,27-Feb-2008 05:30:21,6,1
27-Feb-2008 08:00:16,27-Feb-2008 08:00:17,24,1
27-Feb-2008 08:00:22,28-Feb-2008 00:16:39,24,1
27-Feb-2008 08:01:24,27-Feb-2008 08:01:29,9,1
27-Feb-2008 08:01:31,27-Feb-2008 08:01:50,23,1
27-Feb-2008 08:01:51,27-Feb-2008 08:01:53,8,1
27-Feb-2008 08:01:57,27-Feb-2008 08:02:08,8,1
27-Feb-2008 08:13:29,27-Feb-2008 08:13:31,6,1
27-Feb-2008 08:13:34,27-Feb-2008 08:14:00,6,1
27-Feb-2008 08:15:36,27-Feb-2008 08:15:37,14,1
27-Feb-2008 08:15:40,27-Feb-2008 08:15:44,6,1
27-Feb-2008 08:26:33,27-Feb-2008 08:26:35,5,1
27-Feb-2008 08:26:37,27-Feb-2008 08:26:39,5,1
27-Feb-2008 08:34:37,27-Feb-2008 08:34:41,12,1
27-Feb-2008 18:58:30,27-Feb-2008 18:58:35,12,1
27-Feb-2008 18:59:55,27-Feb-2008 19:01:30,23,1
27-Feb-2008 19:00:01,27-Feb-2008 19:00:56,8,1
27-Feb-2008 19:02:11,27-Feb-2008 19:02:16,18,1
27-Feb-2008 19:02:25,27-Feb-2008 19:02:29,8,1
27-Feb-2008 19:03:12,27-Feb-2008 19:03:14,17,1
27-Feb-2008 19:05:14,27-Feb-2008 19:05:16,8,1
27-Feb-2008 19:05:38,27-Feb-2008 19:05:40,8,1
27-Feb-2008 19:08:12,27-Feb-2008 19:08:16,8,1
27-Feb-2008 19:09:02,27-Feb-2008 19:09:04,9,1
27-Feb-2008 19:16:29,27-Feb-2008 19:16:33,9,1
27-Feb-2008 19:19:53,27-Feb-2008 19:19:57,7,1
27-Feb-2008 19:19:59,27-Feb-2008 19:20:02,8,1
27-Feb-2008 20:35:27,27-Feb-2008 20:35:31,6,1
27-Feb-2008 20:35:55,27-Feb-2008 20:35:57,14,1
27-Feb-2008 20:35:57,27-Feb-2008 20:36:01,6,1
27-Feb-2008 23:03:26,27-Feb-2008 23:03:30,6,1
27-Feb-2008 23:05:21,27-Feb-2008 23:05:23,14,1
27-Feb-2008 23:05:30,27-Feb-2008 23:05:36,6,1
27-Feb-2008 23:06:11,27-Feb-2008 23:14:22,13,1
27-Feb-2008 23:06:28,27-Feb-2008 23:13:51,9,1
27-Feb-2008 23:06:43,27-Feb-2008 23:06:46,7,1
27-Feb-2008 23:06:52,27-Feb-2008 23:11:24,7,1
27-Feb-2008 23:10:57,27-Feb-2008 23:11:04,18,1
27-Feb-2008 23:16:51,27-Feb-2008 23:17:04,9,1
27-Feb-2008 23:20:17,27-Feb-2008 23:20:24,8,1
27-Feb-2008 23:20:39,27-Feb-2008 23:20:41,8,1
27-Feb-2008 23:23:09,27-Feb-2008 23:23:13,8,1
27-Feb-2008 23:23:57,27-Feb-2008 23:24:08,8,1
27-Feb-2008 23:26:18,27-Feb-2008 23:37:07,6,1
27-Feb-2008 23:37:00,27-Feb-2008 23:37:02,14,1
27-Feb-2008 23:37:04,27-Feb-2008 23:37:05,14,1
27-Feb-2008 23:37:09,28-Feb-2008 00:10:39,5,1
27-Feb-2008 23:42:19,27-Feb-2008 23:42:21,18,1
28-Feb-2008 00:10:41,28-Feb-2008 00:10:43,5,1
28-Feb-2008 00:11:09,28-Feb-2008 00:13:41,6,1
28-Feb-2008 00:13:37,28-Feb-2008 00:13:39,14,1
28-Feb-2008 00:13:41,28-Feb-2008 00:13:43,6,1
28-Feb-2008 00:13:45,28-Feb-2008 00:13:47,6,1
28-Feb-2008 00:13:51,28-Feb-2008 00:13:52,6,1
28-Feb-2008 00:13:54,28-Feb-2008 00:15:38,5,1
28-Feb-2008 00:15:42,28-Feb-2008 00:15:43,5,1
28-Feb-2008 00:16:11,28-Feb-2008 00:16:37,5,1
28-Feb-2008 00:20:18,28-Feb-2008 00:20:38,24,1
28-Feb-2008 07:05:38,28-Feb-2008 07:05:40,24,1
28-Feb-2008 07:05:44,28-Feb-2008 07:07:28,24,1
28-Feb-2008 07:06:30,28-Feb-2008 07:06:34,6,1
28-Feb-2008 07:07:15,28-Feb-2008 07:07:17,14,1
28-Feb-2008 07:07:18,28-Feb-2008 07:07:22,6,1
28-Feb-2008 09:48:12,28-Feb-2008 09:48:14,24,1
28-Feb-2008 09:48:18,28-Feb-2008 23:25:15,24,1
28-Feb-2008 09:48:57,28-Feb-2008 09:49:01,6,1
28-Feb-2008 09:49:28,28-Feb-2008 09:49:32,6,1
28-Feb-2008 09:49:28,28-Feb-2008 09:49:30,14,1
28-Feb-2008 09:50:04,28-Feb-2008 09:50:07,9,1
28-Feb-2008 09:50:09,28-Feb-2008 09:50:33,23,1
28-Feb-2008 09:50:33,28-Feb-2008 09:50:35,23,1
28-Feb-2008 09:50:36,28-Feb-2008 09:50:37,23,1
28-Feb-2008 09:50:43,28-Feb-2008 09:50:44,23,1
28-Feb-2008 09:50:54,28-Feb-2008 09:50:56,23,1
28-Feb-2008 09:51:18,28-Feb-2008 09:51:20,23,1
28-Feb-2008 09:51:54,28-Feb-2008 09:51:55,23,1
28-Feb-2008 09:51:56,28-Feb-2008 09:51:57,8,1
28-Feb-2008 10:35:28,28-Feb-2008 10:35:32,6,1
28-Feb-2008 10:37:41,28-Feb-2008 10:37:43,14,1
28-Feb-2008 10:37:45,28-Feb-2008 10:37:47,6,1
28-Feb-2008 10:38:02,28-Feb-2008 10:38:37,5,1
28-Feb-2008 10:46:21,28-Feb-2008 10:46:22,5,1
28-Feb-2008 10:46:24,28-Feb-2008 10:46:26,5,1
28-Feb-2008 10:58:16,28-Feb-2008 10:58:20,12,1
28-Feb-2008 18:34:20,28-Feb-2008 18:34:24,12,1
28-Feb-2008 18:35:25,28-Feb-2008 18:35:34,8,1
28-Feb-2008 18:35:38,28-Feb-2008 18:35:41,1,1
28-Feb-2008 18:37:01,28-Feb-2008 18:37:10,1,1
28-Feb-2008 18:37:18,28-Feb-2008 18:37:22,8,1
28-Feb-2008 18:37:27,28-Feb-2008 18:37:35,1,1
28-Feb-2008 18:48:13,28-Feb-2008 18:48:14,6,1
28-Feb-2008 18:48:40,28-Feb-2008 18:48:42,14,1
28-Feb-2008 18:48:44,28-Feb-2008 18:48:51,6,1
28-Feb-2008 18:49:19,28-Feb-2008 18:49:21,5,1
28-Feb-2008 18:49:25,28-Feb-2008 18:51:23,5,1
28-Feb-2008 18:53:37,28-Feb-2008 18:53:41,12,1
28-Feb-2008 21:35:12,28-Feb-2008 21:35:17,12,1
28-Feb-2008 21:40:42,28-Feb-2008 21:40:46,6,1
28-Feb-2008 21:42:02,28-Feb-2008 21:42:03,14,1
28-Feb-2008 21:42:16,28-Feb-2008 21:42:18,6,1
28-Feb-2008 22:20:58,28-Feb-2008 22:21:00,23,1
28-Feb-2008 22:21:04,28-Feb-2008 22:21:11,23,1
28-Feb-2008 22:22:42,28-Feb-2008 22:22:44,5,1
28-Feb-2008 22:22:48,28-Feb-2008 23:23:15,5,1
28-Feb-2008 23:23:17,28-Feb-2008 23:23:18,5,1
28-Feb-2008 23:23:35,28-Feb-2008 23:23:37,6,1
28-Feb-2008 23:23:39,28-Feb-2008 23:23:41,6,1
28-Feb-2008 23:24:18,28-Feb-2008 23:24:20,14,1
28-Feb-2008 23:24:21,28-Feb-2008 23:24:25,6,1
28-Feb-2008 23:24:42,28-Feb-2008 23:25:12,5,1
29-Feb-2008 08:03:19,29-Feb-2008 08:03:20,24,1
29-Feb-2008 08:03:21,29-Feb-2008 08:03:22,6,1
29-Feb-2008 08:03:24,29-Feb-2008 08:03:28,6,1
29-Feb-2008 08:03:30,29-Feb-2008 08:04:25,24,1
29-Feb-2008 08:04:12,29-Feb-2008 08:04:16,6,1
29-Feb-2008 10:20:47,29-Feb-2008 10:20:49,24,1
29-Feb-2008 10:20:53,02-Mar-2008 20:38:38,24,1
29-Feb-2008 10:22:49,29-Feb-2008 10:22:51,9,1
29-Feb-2008 10:22:57,29-Feb-2008 10:23:02,23,1
29-Feb-2008 10:23:13,29-Feb-2008 10:23:17,8,1
29-Feb-2008 10:30:05,29-Feb-2008 10:30:09,6,1
29-Feb-2008 10:30:29,29-Feb-2008 10:30:31,14,1
29-Feb-2008 10:30:30,29-Feb-2008 10:30:31,14,1
29-Feb-2008 10:30:33,29-Feb-2008 10:30:37,6,1
29-Feb-2008 10:30:59,29-Feb-2008 10:31:04,5,1
29-Feb-2008 10:31:08,29-Feb-2008 10:31:10,5,1
29-Feb-2008 10:38:09,29-Feb-2008 10:38:11,5,1
29-Feb-2008 10:38:15,29-Feb-2008 19:22:05,5,1
29-Feb-2008 10:48:54,29-Feb-2008 10:48:58,12,1
29-Feb-2008 18:17:33,29-Feb-2008 18:17:38,12,1
29-Feb-2008 18:18:16,29-Feb-2008 18:18:19,8,1
29-Feb-2008 18:41:45,29-Feb-2008 18:41:49,12,1
29-Feb-2008 19:20:53,29-Feb-2008 19:20:56,12,1
29-Feb-2008 19:24:07,29-Feb-2008 19:24:09,6,1
29-Feb-2008 19:24:55,29-Feb-2008 19:24:57,14,1
29-Feb-2008 19:25:00,29-Feb-2008 19:25:01,6,1
29-Feb-2008 19:41:42,29-Feb-2008 19:41:44,13,1
29-Feb-2008 19:41:48,29-Feb-2008 19:44:09,13,1
29-Feb-2008 19:45:14,29-Feb-2008 19:45:30,8,1
29-Feb-2008 19:46:09,29-Feb-2008 19:46:11,7,1
29-Feb-2008 19:46:13,29-Feb-2008 19:46:15,9,1
29-Feb-2008 19:46:43,29-Feb-2008 19:46:50,8,1
29-Feb-2008 19:47:00,29-Feb-2008 19:47:03,23,1
29-Feb-2008 19:47:20,29-Feb-2008 19:47:25,8,1
29-Feb-2008 19:49:37,29-Feb-2008 19:49:43,18,1
29-Feb-2008 20:10:23,29-Feb-2008 20:10:27,8,1
29-Feb-2008 20:13:08,29-Feb-2008 20:13:14,18,1
29-Feb-2008 20:37:59,29-Feb-2008 20:38:01,18,1
29-Feb-2008 20:43:39,29-Feb-2008 20:43:40,8,1
29-Feb-2008 20:43:42,29-Feb-2008 20:43:44,8,1
29-Feb-2008 20:43:50,29-Feb-2008 20:43:52,8,1
29-Feb-2008 20:44:01,29-Feb-2008 20:44:06,18,1
29-Feb-2008 20:45:08,29-Feb-2008 20:45:13,8,1
29-Feb-2008 20:51:44,29-Feb-2008 20:51:48,7,1
29-Feb-2008 20:51:52,29-Feb-2008 20:51:54,9,1
29-Feb-2008 20:52:01,29-Feb-2008 20:52:03,18,1
29-Feb-2008 20:52:03,29-Feb-2008 20:52:07,18,1
29-Feb-2008 20:52:12,29-Feb-2008 20:52:14,18,1
29-Feb-2008 20:52:24,29-Feb-2008 20:52:25,18,1
29-Feb-2008 20:52:48,29-Feb-2008 20:52:49,18,1
29-Feb-2008 20:53:25,29-Feb-2008 20:53:26,18,1
29-Feb-2008 20:55:10,29-Feb-2008 20:55:12,8,1
29-Feb-2008 20:55:14,29-Feb-2008 20:55:18,17,1
29-Feb-2008 20:55:44,29-Feb-2008 20:55:47,8,1
29-Feb-2008 20:58:40,29-Feb-2008 20:59:58,18,1
29-Feb-2008 20:59:43,29-Feb-2008 20:59:45,8,1
29-Feb-2008 22:03:21,29-Feb-2008 22:03:23,12,1
29-Feb-2008 22:03:46,29-Feb-2008 22:03:47,12,1
02-Mar-2008 19:37:41,02-Mar-2008 19:37:45,12,1
02-Mar-2008 20:32:16,02-Mar-2008 20:32:18,5,1
02-Mar-2008 20:32:22,02-Mar-2008 20:37:05,5,1
02-Mar-2008 20:32:31,02-Mar-2008 20:34:09,20,1
02-Mar-2008 20:37:07,02-Mar-2008 20:37:13,6,1
02-Mar-2008 20:37:35,02-Mar-2008 20:37:37,14,1
02-Mar-2008 20:37:39,02-Mar-2008 20:37:41,6,1
02-Mar-2008 20:38:50,02-Mar-2008 20:38:51,24,1
02-Mar-2008 20:38:55,02-Mar-2008 20:39:30,24,1
02-Mar-2008 20:38:57,02-Mar-2008 20:39:00,5,1
02-Mar-2008 20:56:42,02-Mar-2008 20:56:43,24,1
02-Mar-2008 20:56:47,02-Mar-2008 22:03:54,24,1
02-Mar-2008 20:57:35,02-Mar-2008 20:57:52,17,1
02-Mar-2008 21:00:32,02-Mar-2008 21:00:33,9,1
02-Mar-2008 21:00:39,02-Mar-2008 21:00:44,9,1
02-Mar-2008 21:00:46,02-Mar-2008 21:00:52,17,1
02-Mar-2008 21:01:10,02-Mar-2008 21:01:16,17,1
02-Mar-2008 21:49:37,02-Mar-2008 21:49:38,20,1
02-Mar-2008 21:49:43,02-Mar-2008 21:50:00,20,1
02-Mar-2008 21:57:58,02-Mar-2008 21:58:00,6,1
02-Mar-2008 21:58:02,02-Mar-2008 21:58:04,6,1
02-Mar-2008 21:58:11,02-Mar-2008 21:58:30,6,1
02-Mar-2008 21:58:24,02-Mar-2008 21:58:26,14,1
02-Mar-2008 22:03:14,02-Mar-2008 22:03:17,6,1
02-Mar-2008 22:03:39,02-Mar-2008 22:03:40,14,1
02-Mar-2008 22:03:43,02-Mar-2008 22:03:45,6,1
03-Mar-2008 08:49:52,03-Mar-2008 08:49:53,24,1
03-Mar-2008 08:49:57,05-Mar-2008 00:22:09,24,1
03-Mar-2008 08:50:27,03-Mar-2008 08:50:34,6,1
03-Mar-2008 08:52:07,03-Mar-2008 08:52:10,6,1
03-Mar-2008 09:01:38,03-Mar-2008 09:01:42,9,1
03-Mar-2008 09:01:43,03-Mar-2008 09:01:47,23,1
03-Mar-2008 09:01:47,03-Mar-2008 09:01:49,23,1
03-Mar-2008 09:01:59,03-Mar-2008 09:02:00,9,1
03-Mar-2008 09:02:04,03-Mar-2008 09:02:06,23,1
03-Mar-2008 09:02:06,03-Mar-2008 09:02:11,8,1
03-Mar-2008 09:02:24,03-Mar-2008 09:02:28,8,1
03-Mar-2008 09:17:22,03-Mar-2008 09:17:27,5,1
03-Mar-2008 09:17:40,03-Mar-2008 09:17:44,5,1
03-Mar-2008 09:31:34,03-Mar-2008 09:31:35,5,1
03-Mar-2008 09:31:40,04-Mar-2008 09:10:02,5,1
03-Mar-2008 09:45:05,03-Mar-2008 09:45:09,12,1
04-Mar-2008 09:07:49,04-Mar-2008 09:07:54,12,1
04-Mar-2008 09:10:43,04-Mar-2008 09:10:47,6,1
04-Mar-2008 09:11:24,04-Mar-2008 09:11:26,6,1
04-Mar-2008 09:11:25,04-Mar-2008 09:11:26,14,1
04-Mar-2008 09:11:29,04-Mar-2008 09:11:35,6,1
04-Mar-2008 09:12:36,04-Mar-2008 18:20:36,5,1
04-Mar-2008 09:16:17,04-Mar-2008 09:16:21,12,1
04-Mar-2008 18:19:48,04-Mar-2008 18:19:52,12,1
04-Mar-2008 18:20:35,04-Mar-2008 18:20:38,6,1
04-Mar-2008 18:22:53,04-Mar-2008 18:22:54,14,1
04-Mar-2008 18:22:57,04-Mar-2008 18:23:01,6,1
04-Mar-2008 18:22:59,04-Mar-2008 18:29:08,5,1
04-Mar-2008 18:24:15,04-Mar-2008 18:25:07,20,1
04-Mar-2008 18:29:10,04-Mar-2008 23:44:27,6,1
04-Mar-2008 18:30:37,04-Mar-2008 18:30:41,12,1
04-Mar-2008 23:43:27,04-Mar-2008 23:43:31,12,1
04-Mar-2008 23:45:15,04-Mar-2008 23:45:19,6,1
04-Mar-2008 23:46:18,04-Mar-2008 23:46:29,20,1
04-Mar-2008 23:52:14,04-Mar-2008 23:52:25,8,1
04-Mar-2008 23:52:27,04-Mar-2008 23:52:40,7,1
04-Mar-2008 23:52:42,04-Mar-2008 23:52:46,8,1
05-Mar-2008 00:01:21,05-Mar-2008 00:01:25,6,1
05-Mar-2008 00:04:17,05-Mar-2008 00:04:19,14,1
05-Mar-2008 00:04:25,05-Mar-2008 00:04:41,5,1
05-Mar-2008 00:18:12,05-Mar-2008 00:18:14,5,1
05-Mar-2008 00:18:17,05-Mar-2008 00:19:56,5,1
05-Mar-2008 00:20:27,05-Mar-2008 00:21:32,6,1
05-Mar-2008 00:21:25,05-Mar-2008 00:21:27,14,1
05-Mar-2008 00:21:54,05-Mar-2008 00:21:58,5,1
05-Mar-2008 05:58:57,05-Mar-2008 05:58:58,24,1
05-Mar-2008 05:59:02,05-Mar-2008 06:04:41,24,1
05-Mar-2008 06:00:18,05-Mar-2008 06:00:22,6,1
05-Mar-2008 06:00:53,05-Mar-2008 06:00:55,14,1
05-Mar-2008 06:00:59,05-Mar-2008 06:01:03,6,1
05-Mar-2008 09:27:41,05-Mar-2008 09:27:43,24,1
05-Mar-2008 09:27:47,05-Mar-2008 23:33:42,24,1
05-Mar-2008 09:28:57,05-Mar-2008 09:29:01,6,1
05-Mar-2008 09:29:25,05-Mar-2008 09:29:27,14,1
05-Mar-2008 09:29:29,05-Mar-2008 09:29:34,6,1
05-Mar-2008 09:29:58,05-Mar-2008 09:30:02,9,1
05-Mar-2008 09:30:04,05-Mar-2008 09:30:30,23,1
05-Mar-2008 09:30:26,05-Mar-2008 09:30:32,8,1
05-Mar-2008 09:30:34,05-Mar-2008 09:30:35,23,1
05-Mar-2008 09:30:47,05-Mar-2008 09:30:50,8,1
05-Mar-2008 09:45:46,05-Mar-2008 09:45:48,5,1
05-Mar-2008 09:45:52,05-Mar-2008 09:45:59,5,1
05-Mar-2008 09:45:57,05-Mar-2008 20:13:21,6,1
05-Mar-2008 09:53:07,05-Mar-2008 09:53:09,5,1
05-Mar-2008 09:53:13,05-Mar-2008 19:48:36,5,1
05-Mar-2008 10:12:00,05-Mar-2008 10:12:04,12,1
05-Mar-2008 19:48:29,05-Mar-2008 19:48:30,12,1
05-Mar-2008 19:52:44,05-Mar-2008 19:52:52,17,1
05-Mar-2008 19:55:15,05-Mar-2008 19:55:22,23,1
05-Mar-2008 19:55:42,05-Mar-2008 19:55:44,9,1
05-Mar-2008 20:13:23,05-Mar-2008 20:13:25,6,1
05-Mar-2008 20:14:21,05-Mar-2008 20:14:22,14,1
05-Mar-2008 20:14:28,05-Mar-2008 20:14:30,6,1
05-Mar-2008 20:15:05,05-Mar-2008 20:15:09,18,1
05-Mar-2008 20:15:18,05-Mar-2008 20:15:22,18,1
05-Mar-2008 20:20:02,05-Mar-2008 20:20:09,9,1
05-Mar-2008 20:20:13,05-Mar-2008 20:20:24,8,1
05-Mar-2008 20:20:27,05-Mar-2008 20:20:28,8,1
05-Mar-2008 20:20:33,05-Mar-2008 20:20:35,8,1
05-Mar-2008 20:23:07,05-Mar-2008 20:23:13,9,1
05-Mar-2008 22:58:02,05-Mar-2008 22:58:05,5,1
05-Mar-2008 23:07:05,05-Mar-2008 23:07:09,6,1
05-Mar-2008 23:08:01,05-Mar-2008 23:08:02,14,1
05-Mar-2008 23:08:13,05-Mar-2008 23:08:17,6,1
05-Mar-2008 23:30:37,05-Mar-2008 23:30:38,5,1
05-Mar-2008 23:30:43,05-Mar-2008 23:32:31,5,1
05-Mar-2008 23:32:50,05-Mar-2008 23:32:51,6,1
05-Mar-2008 23:33:10,05-Mar-2008 23:33:12,14,1
05-Mar-2008 23:33:11,05-Mar-2008 23:33:12,14,1
05-Mar-2008 23:33:14,05-Mar-2008 23:33:16,14,1
05-Mar-2008 23:33:21,05-Mar-2008 23:33:23,14,1
05-Mar-2008 23:33:33,05-Mar-2008 23:33:34,14,1
05-Mar-2008 23:33:57,05-Mar-2008 23:33:58,14,1
06-Mar-2008 04:37:33,06-Mar-2008 04:37:34,24,1
06-Mar-2008 04:37:39,06-Mar-2008 04:39:10,24,1
06-Mar-2008 04:38:05,06-Mar-2008 04:38:09,6,1
06-Mar-2008 04:38:48,06-Mar-2008 04:38:54,6,1
06-Mar-2008 08:38:52,06-Mar-2008 08:38:53,24,1
06-Mar-2008 08:38:57,06-Mar-2008 23:18:35,24,1
06-Mar-2008 08:39:36,06-Mar-2008 08:39:39,6,1
06-Mar-2008 08:40:11,06-Mar-2008 08:40:16,6,1
06-Mar-2008 09:04:14,06-Mar-2008 09:04:17,18,1
06-Mar-2008 09:04:34,06-Mar-2008 09:04:49,8,1
06-Mar-2008 09:04:50,06-Mar-2008 09:04:51,8,1
06-Mar-2008 09:04:53,06-Mar-2008 09:04:54,8,1
06-Mar-2008 09:04:59,06-Mar-2008 09:05:00,8,1
06-Mar-2008 09:05:00,06-Mar-2008 09:05:02,9,1
06-Mar-2008 09:05:22,06-Mar-2008 09:05:39,8,1
06-Mar-2008 09:07:19,06-Mar-2008 09:07:25,17,1
06-Mar-2008 09:07:25,06-Mar-2008 09:07:45,9,1
06-Mar-2008 09:07:51,06-Mar-2008 09:07:52,17,1
06-Mar-2008 09:09:08,06-Mar-2008 09:09:12,7,1
06-Mar-2008 09:09:27,06-Mar-2008 09:09:29,1,1
06-Mar-2008 09:09:57,06-Mar-2008 09:10:06,8,1
06-Mar-2008 09:38:52,06-Mar-2008 09:38:54,6,1
06-Mar-2008 09:40:01,06-Mar-2008 09:40:03,14,1
06-Mar-2008 09:42:23,06-Mar-2008 09:42:24,14,1
06-Mar-2008 09:42:31,06-Mar-2008 09:42:35,6,1
06-Mar-2008 09:42:41,06-Mar-2008 09:43:08,5,1
06-Mar-2008 10:23:21,06-Mar-2008 10:23:23,5,1
06-Mar-2008 10:23:26,06-Mar-2008 10:23:34,5,1
06-Mar-2008 10:30:13,06-Mar-2008 10:30:14,5,1
06-Mar-2008 10:30:17,06-Mar-2008 10:30:18,5,1
06-Mar-2008 10:38:07,06-Mar-2008 10:38:11,12,1
06-Mar-2008 17:41:12,06-Mar-2008 17:41:16,12,1
06-Mar-2008 17:46:05,06-Mar-2008 17:46:14,8,1
06-Mar-2008 17:46:24,06-Mar-2008 17:46:27,8,1
06-Mar-2008 18:52:49,06-Mar-2008 18:52:52,6,1
06-Mar-2008 18:53:43,06-Mar-2008 18:53:44,14,1
06-Mar-2008 18:53:45,06-Mar-2008 18:53:46,14,1
06-Mar-2008 18:53:48,06-Mar-2008 18:53:52,6,1
06-Mar-2008 18:54:14,06-Mar-2008 18:54:38,23,1
06-Mar-2008 18:54:40,06-Mar-2008 18:54:53,17,1
06-Mar-2008 19:00:45,06-Mar-2008 19:00:47,7,1
06-Mar-2008 19:00:59,06-Mar-2008 19:01:00,18,1
06-Mar-2008 19:01:50,06-Mar-2008 19:02:01,18,1
06-Mar-2008 19:02:42,06-Mar-2008 19:03:08,23,1
06-Mar-2008 19:05:01,13-Mar-2008 18:56:00,1,1
06-Mar-2008 19:08:12,06-Mar-2008 19:08:16,18,1
06-Mar-2008 19:10:46,06-Mar-2008 19:10:59,23,1
06-Mar-2008 19:11:03,06-Mar-2008 19:11:05,9,1
06-Mar-2008 19:15:17,06-Mar-2008 19:15:21,8,1
06-Mar-2008 19:21:41,06-Mar-2008 19:21:46,18,1
06-Mar-2008 19:25:18,06-Mar-2008 19:25:23,18,1
06-Mar-2008 19:35:30,06-Mar-2008 19:35:33,9,1
06-Mar-2008 19:40:04,06-Mar-2008 19:40:08,8,1
06-Mar-2008 19:40:17,06-Mar-2008 19:40:21,8,1
06-Mar-2008 19:53:37,06-Mar-2008 19:53:38,13,1
06-Mar-2008 19:53:44,06-Mar-2008 19:57:45,13,1
06-Mar-2008 19:54:34,06-Mar-2008 19:55:05,9,1
06-Mar-2008 19:54:45,06-Mar-2008 19:54:47,18,1
06-Mar-2008 19:55:20,06-Mar-2008 19:55:52,9,1
06-Mar-2008 19:55:55,06-Mar-2008 19:57:30,7,1
06-Mar-2008 19:56:52,06-Mar-2008 19:56:53,18,1
06-Mar-2008 19:56:58,06-Mar-2008 19:58:35,18,1
06-Mar-2008 19:57:29,06-Mar-2008 19:57:30,7,1
06-Mar-2008 19:57:32,06-Mar-2008 19:57:34,7,1
06-Mar-2008 19:57:39,06-Mar-2008 19:57:41,7,1
06-Mar-2008 19:57:40,06-Mar-2008 19:57:41,9,1
06-Mar-2008 19:59:43,06-Mar-2008 19:59:47,17,1
06-Mar-2008 20:00:13,06-Mar-2008 20:00:19,18,1
06-Mar-2008 20:05:17,06-Mar-2008 20:11:30,13,1
06-Mar-2008 20:11:32,06-Mar-2008 20:11:34,13,1
06-Mar-2008 20:12:35,06-Mar-2008 20:12:37,18,1
06-Mar-2008 20:12:39,06-Mar-2008 20:12:41,18,1
06-Mar-2008 20:14:35,06-Mar-2008 20:14:37,18,1
06-Mar-2008 20:16:47,06-Mar-2008 20:16:51,23,1
06-Mar-2008 20:17:11,06-Mar-2008 20:17:13,23,1
06-Mar-2008 20:31:04,06-Mar-2008 20:31:06,18,1
06-Mar-2008 20:31:08,06-Mar-2008 20:31:09,18,1
06-Mar-2008 20:32:24,06-Mar-2008 20:32:25,18,1
06-Mar-2008 20:33:03,06-Mar-2008 20:33:04,18,1
06-Mar-2008 21:34:42,06-Mar-2008 21:34:44,23,1
06-Mar-2008 21:34:48,06-Mar-2008 21:35:06,23,1
06-Mar-2008 21:35:10,06-Mar-2008 21:35:12,23,1
06-Mar-2008 21:35:15,06-Mar-2008 21:35:32,17,1
06-Mar-2008 21:35:16,06-Mar-2008 21:35:17,23,1
06-Mar-2008 21:35:28,06-Mar-2008 21:35:30,23,1
06-Mar-2008 21:37:18,06-Mar-2008 21:37:20,23,1
06-Mar-2008 21:37:36,06-Mar-2008 21:37:38,7,1
06-Mar-2008 21:37:38,06-Mar-2008 21:37:51,8,1
06-Mar-2008 22:44:18,06-Mar-2008 22:44:22,6,1
06-Mar-2008 22:46:36,06-Mar-2008 22:46:37,14,1
06-Mar-2008 22:46:39,06-Mar-2008 22:46:43,6,1
06-Mar-2008 22:46:41,06-Mar-2008 22:47:09,5,1
06-Mar-2008 22:47:12,06-Mar-2008 22:47:14,5,1
06-Mar-2008 23:14:48,06-Mar-2008 23:14:50,5,1
06-Mar-2008 23:14:53,06-Mar-2008 23:14:54,5,1
06-Mar-2008 23:17:06,06-Mar-2008 23:17:43,6,1
06-Mar-2008 23:18:28,06-Mar-2008 23:18:29,6,1
06-Mar-2008 23:18:30,06-Mar-2008 23:18:31,14,1
06-Mar-2008 23:18:40,06-Mar-2008 23:18:42,6,1
07-Mar-2008 06:59:17,07-Mar-2008 06:59:18,24,1
07-Mar-2008 06:59:24,07-Mar-2008 07:00:43,24,1
07-Mar-2008 06:59:55,07-Mar-2008 07:00:01,6,1
07-Mar-2008 07:00:34,07-Mar-2008 07:00:36,6,1
07-Mar-2008 08:38:54,07-Mar-2008 08:38:55,24,1
07-Mar-2008 08:38:59,07-Mar-2008 08:39:00,24,1
07-Mar-2008 08:44:10,07-Mar-2008 08:44:14,6,1
07-Mar-2008 08:44:59,07-Mar-2008 08:45:00,14,1
07-Mar-2008 08:45:04,07-Mar-2008 08:45:13,6,1
07-Mar-2008 08:49:16,07-Mar-2008 08:49:20,8,1
07-Mar-2008 08:49:35,07-Mar-2008 08:49:37,7,1
07-Mar-2008 08:49:46,07-Mar-2008 08:49:51,8,1
07-Mar-2008 08:50:15,07-Mar-2008 08:50:19,9,1
07-Mar-2008 08:50:21,07-Mar-2008 08:50:36,23,1
07-Mar-2008 08:50:38,07-Mar-2008 08:50:43,8,1
07-Mar-2008 08:51:07,07-Mar-2008 08:51:09,8,1
07-Mar-2008 09:07:51,07-Mar-2008 09:07:54,5,1
07-Mar-2008 09:15:38,08-Mar-2008 03:21:34,5,1
07-Mar-2008 09:29:10,07-Mar-2008 09:29:12,12,1
07-Mar-2008 09:29:14,07-Mar-2008 09:29:21,12,1
08-Mar-2008 01:07:48,08-Mar-2008 01:07:52,12,1
08-Mar-2008 01:12:17,08-Mar-2008 01:12:21,7,1
08-Mar-2008 01:12:23,08-Mar-2008 01:12:24,7,1
08-Mar-2008 01:12:25,08-Mar-2008 01:12:26,7,1
08-Mar-2008 01:12:31,08-Mar-2008 01:12:32,7,1
08-Mar-2008 01:12:43,08-Mar-2008 01:12:45,7,1
08-Mar-2008 01:13:08,08-Mar-2008 01:13:09,7,1
08-Mar-2008 01:13:44,08-Mar-2008 01:13:46,7,1
08-Mar-2008 01:14:19,08-Mar-2008 01:14:21,7,1
08-Mar-2008 01:14:21,08-Mar-2008 01:14:23,8,1
08-Mar-2008 03:21:37,08-Mar-2008 03:21:38,5,1
08-Mar-2008 03:21:44,08-Mar-2008 03:21:45,5,1
08-Mar-2008 03:21:56,08-Mar-2008 03:21:58,5,1
08-Mar-2008 03:22:21,08-Mar-2008 03:22:22,5,1
08-Mar-2008 03:22:37,08-Mar-2008 03:22:44,6,1
08-Mar-2008 03:23:05,08-Mar-2008 08:20:28,5,1
08-Mar-2008 03:23:07,08-Mar-2008 03:23:12,6,1
08-Mar-2008 03:26:05,08-Mar-2008 03:26:10,24,1
08-Mar-2008 08:20:19,08-Mar-2008 08:20:20,24,1
08-Mar-2008 08:20:24,08-Mar-2008 10:01:56,24,1
08-Mar-2008 08:20:52,08-Mar-2008 08:20:54,6,1
08-Mar-2008 08:21:40,08-Mar-2008 08:21:42,14,1
08-Mar-2008 08:21:46,08-Mar-2008 08:21:51,6,1
08-Mar-2008 08:22:01,08-Mar-2008 08:22:06,7,1
08-Mar-2008 08:22:08,08-Mar-2008 08:22:13,8,1
08-Mar-2008 08:22:47,08-Mar-2008 08:22:52,8,1
08-Mar-2008 08:33:10,08-Mar-2008 08:33:14,6,1
08-Mar-2008 08:35:35,08-Mar-2008 08:35:36,14,1
08-Mar-2008 08:35:35,08-Mar-2008 08:35:36,6,1
08-Mar-2008 08:35:36,08-Mar-2008 08:35:38,6,1
08-Mar-2008 08:35:39,08-Mar-2008 08:35:40,14,1
08-Mar-2008 08:35:44,08-Mar-2008 10:00:30,5,1
08-Mar-2008 08:35:45,08-Mar-2008 08:35:46,14,1
08-Mar-2008 08:35:48,08-Mar-2008 08:45:56,6,1
08-Mar-2008 08:46:00,08-Mar-2008 08:46:01,6,1
08-Mar-2008 10:00:29,08-Mar-2008 10:00:30,6,1
08-Mar-2008 10:00:34,08-Mar-2008 10:01:48,6,1
08-Mar-2008 10:01:34,08-Mar-2008 10:01:35,14,1
08-Mar-2008 10:26:09,08-Mar-2008 10:26:10,24,1
08-Mar-2008 10:26:13,08-Mar-2008 10:26:15,24,1
08-Mar-2008 10:26:30,08-Mar-2008 10:26:34,18,1
08-Mar-2008 10:26:36,08-Mar-2008 10:26:50,13,1
08-Mar-2008 10:27:46,08-Mar-2008 10:27:48,9,1
08-Mar-2008 10:27:50,08-Mar-2008 10:28:05,17,1
08-Mar-2008 10:29:41,08-Mar-2008 10:29:43,8,1
08-Mar-2008 10:56:23,08-Mar-2008 10:56:27,8,1
08-Mar-2008 11:08:12,08-Mar-2008 11:08:13,5,1
08-Mar-2008 11:08:17,08-Mar-2008 11:12:31,5,1
08-Mar-2008 11:12:29,08-Mar-2008 11:12:31,6,1
08-Mar-2008 11:12:32,08-Mar-2008 11:12:33,5,1
08-Mar-2008 11:15:02,08-Mar-2008 11:15:03,14,1
08-Mar-2008 11:15:05,08-Mar-2008 11:15:27,6,1
08-Mar-2008 11:15:42,08-Mar-2008 11:16:01,5,1
08-Mar-2008 11:22:56,08-Mar-2008 11:22:58,5,1
08-Mar-2008 11:23:02,10-Mar-2008 06:20:29,5,1
08-Mar-2008 11:36:01,08-Mar-2008 11:36:02,12,1
08-Mar-2008 11:36:05,08-Mar-2008 11:36:06,12,1
10-Mar-2008 06:18:29,10-Mar-2008 06:18:34,12,1
10-Mar-2008 06:19:33,10-Mar-2008 06:19:35,24,1
10-Mar-2008 06:19:39,10-Mar-2008 06:21:32,24,1
10-Mar-2008 06:20:27,10-Mar-2008 06:20:59,6,1
10-Mar-2008 06:20:51,10-Mar-2008 06:20:53,14,1
10-Mar-2008 06:21:17,10-Mar-2008 06:21:21,12,1
10-Mar-2008 08:33:32,10-Mar-2008 08:33:34,24,1
10-Mar-2008 08:33:38,10-Mar-2008 22:05:31,24,1
10-Mar-2008 08:35:14,10-Mar-2008 08:35:18,6,1
10-Mar-2008 08:35:40,10-Mar-2008 08:35:42,14,1
10-Mar-2008 08:35:44,10-Mar-2008 08:35:46,6,1
10-Mar-2008 08:49:53,10-Mar-2008 08:49:57,6,1
10-Mar-2008 08:51:25,10-Mar-2008 08:51:26,14,1
10-Mar-2008 08:51:28,10-Mar-2008 08:51:31,6,1
10-Mar-2008 08:51:31,10-Mar-2008 08:51:57,5,1
10-Mar-2008 09:07:59,10-Mar-2008 09:08:00,6,1
10-Mar-2008 09:08:05,10-Mar-2008 09:58:02,6,1
10-Mar-2008 09:25:56,10-Mar-2008 09:25:57,5,1
10-Mar-2008 09:26:01,10-Mar-2008 09:47:24,5,1
10-Mar-2008 09:26:08,10-Mar-2008 09:26:12,9,1
10-Mar-2008 09:26:14,10-Mar-2008 09:26:25,23,1
10-Mar-2008 09:26:27,10-Mar-2008 09:26:47,8,1
10-Mar-2008 09:26:50,10-Mar-2008 09:26:51,8,1
10-Mar-2008 09:35:36,10-Mar-2008 09:35:38,13,1
10-Mar-2008 09:35:41,10-Mar-2008 09:41:36,13,1
10-Mar-2008 09:41:38,10-Mar-2008 09:41:39,13,1
10-Mar-2008 09:47:27,10-Mar-2008 09:47:28,5,1
10-Mar-2008 09:55:18,10-Mar-2008 09:55:19,5,1
10-Mar-2008 09:55:23,10-Mar-2008 19:24:24,5,1
10-Mar-2008 10:29:41,10-Mar-2008 10:29:43,12,1
10-Mar-2008 10:29:47,10-Mar-2008 10:29:52,12,1
10-Mar-2008 10:30:31,10-Mar-2008 10:30:44,12,1
10-Mar-2008 19:23:47,10-Mar-2008 19:23:51,12,1
10-Mar-2008 19:25:34,10-Mar-2008 19:25:36,14,1
10-Mar-2008 19:33:38,10-Mar-2008 19:33:40,8,1
10-Mar-2008 19:33:44,10-Mar-2008 19:33:51,8,1
10-Mar-2008 19:33:51,10-Mar-2008 19:33:59,23,1
10-Mar-2008 19:39:40,10-Mar-2008 19:39:42,17,1
10-Mar-2008 19:39:46,10-Mar-2008 19:39:55,17,1
10-Mar-2008 19:40:54,10-Mar-2008 19:41:00,23,1
10-Mar-2008 19:44:42,10-Mar-2008 19:44:46,8,1
10-Mar-2008 19:50:33,10-Mar-2008 19:50:35,17,1
10-Mar-2008 19:50:38,10-Mar-2008 19:50:49,17,1
10-Mar-2008 20:09:49,10-Mar-2008 20:09:50,9,1
10-Mar-2008 20:09:55,10-Mar-2008 20:10:01,9,1
10-Mar-2008 20:11:02,10-Mar-2008 20:11:04,8,1
10-Mar-2008 20:11:07,10-Mar-2008 20:11:08,8,1
10-Mar-2008 20:11:14,10-Mar-2008 20:11:15,8,1
10-Mar-2008 20:11:27,10-Mar-2008 20:11:28,8,1
10-Mar-2008 20:11:51,10-Mar-2008 20:11:52,7,1
10-Mar-2008 20:54:32,10-Mar-2008 20:54:33,14,1
10-Mar-2008 20:54:35,10-Mar-2008 20:54:59,5,1
10-Mar-2008 20:54:36,10-Mar-2008 20:54:37,14,1
10-Mar-2008 21:29:38,10-Mar-2008 21:29:42,17,1
10-Mar-2008 21:32:03,10-Mar-2008 21:32:06,17,1
10-Mar-2008 21:32:34,10-Mar-2008 21:32:47,17,1
10-Mar-2008 21:32:47,10-Mar-2008 21:32:51,8,1
10-Mar-2008 21:33:00,10-Mar-2008 21:33:02,8,1
10-Mar-2008 21:33:04,10-Mar-2008 21:33:09,7,1
10-Mar-2008 21:33:11,10-Mar-2008 21:33:15,13,1
10-Mar-2008 21:38:15,10-Mar-2008 21:38:23,23,1
10-Mar-2008 22:03:48,10-Mar-2008 22:03:49,14,1
10-Mar-2008 22:03:53,10-Mar-2008 22:03:54,14,1
10-Mar-2008 22:03:58,10-Mar-2008 22:05:27,5,1
11-Mar-2008 06:51:09,11-Mar-2008 06:51:10,24,1
11-Mar-2008 06:51:14,11-Mar-2008 06:53:05,24,1
11-Mar-2008 06:52:48,11-Mar-2008 06:52:49,14,1
11-Mar-2008 06:53:08,11-Mar-2008 06:53:09,24,1
11-Mar-2008 08:43:37,11-Mar-2008 08:43:39,24,1
11-Mar-2008 08:43:42,11-Mar-2008 21:55:02,24,1
11-Mar-2008 09:01:52,11-Mar-2008 09:01:53,14,1
11-Mar-2008 09:01:56,11-Mar-2008 09:01:58,14,1
11-Mar-2008 09:18:12,11-Mar-2008 09:18:14,14,1
11-Mar-2008 09:18:16,11-Mar-2008 09:18:17,14,1
11-Mar-2008 09:18:31,11-Mar-2008 09:18:32,5,1
11-Mar-2008 09:18:38,11-Mar-2008 09:18:51,5,1
11-Mar-2008 09:26:37,11-Mar-2008 09:26:38,5,1
11-Mar-2008 09:26:42,11-Mar-2008 18:28:57,5,1
11-Mar-2008 09:33:50,11-Mar-2008 09:33:54,12,1
11-Mar-2008 17:57:20,11-Mar-2008 17:57:24,12,1
11-Mar-2008 17:58:10,11-Mar-2008 17:58:19,17,1
11-Mar-2008 18:02:32,11-Mar-2008 18:02:35,9,1
11-Mar-2008 18:12:23,11-Mar-2008 18:12:25,17,1
11-Mar-2008 18:12:29,11-Mar-2008 18:12:34,17,1
11-Mar-2008 18:16:04,11-Mar-2008 18:16:06,7,1
11-Mar-2008 18:16:09,11-Mar-2008 18:16:22,8,1
11-Mar-2008 18:29:01,11-Mar-2008 18:29:51,5,1
11-Mar-2008 18:30:34,11-Mar-2008 18:30:35,14,1
11-Mar-2008 18:35:11,11-Mar-2008 18:35:12,12,1
11-Mar-2008 18:35:15,11-Mar-2008 18:35:17,12,1
11-Mar-2008 20:38:36,11-Mar-2008 20:38:38,5,1
11-Mar-2008 20:38:42,11-Mar-2008 20:43:15,5,1
11-Mar-2008 20:41:05,11-Mar-2008 20:41:08,12,1
11-Mar-2008 20:48:11,11-Mar-2008 20:48:15,8,1
11-Mar-2008 20:48:37,11-Mar-2008 20:48:39,8,1
11-Mar-2008 20:51:39,11-Mar-2008 20:51:56,8,1
11-Mar-2008 21:13:50,11-Mar-2008 21:14:01,8,1
11-Mar-2008 21:14:06,11-Mar-2008 21:14:07,7,1
11-Mar-2008 21:14:11,11-Mar-2008 21:14:13,8,1
11-Mar-2008 21:52:43,11-Mar-2008 21:52:45,14,1
11-Mar-2008 21:52:48,11-Mar-2008 21:52:49,14,1
11-Mar-2008 21:53:15,11-Mar-2008 21:53:18,5,1
11-Mar-2008 21:53:39,11-Mar-2008 21:54:57,5,1
12-Mar-2008 03:04:51,12-Mar-2008 03:04:53,24,1
12-Mar-2008 03:04:56,12-Mar-2008 03:05:46,24,1
12-Mar-2008 03:05:35,12-Mar-2008 03:05:37,14,1
12-Mar-2008 08:41:25,13-Mar-2008 01:24:11,24,1
12-Mar-2008 08:42:49,12-Mar-2008 08:42:50,14,1
12-Mar-2008 09:48:44,12-Mar-2008 09:48:46,8,1
12-Mar-2008 09:48:50,12-Mar-2008 09:48:57,8,1
12-Mar-2008 09:48:59,12-Mar-2008 09:49:08,17,1
12-Mar-2008 09:49:43,12-Mar-2008 09:49:45,9,1
12-Mar-2008 09:50:00,12-Mar-2008 09:50:04,17,1
12-Mar-2008 09:51:25,12-Mar-2008 09:51:29,8,1
12-Mar-2008 09:52:08,12-Mar-2008 09:52:10,8,1
12-Mar-2008 09:59:31,12-Mar-2008 09:59:35,7,1
12-Mar-2008 09:59:33,12-Mar-2008 09:59:48,8,1
12-Mar-2008 11:04:11,12-Mar-2008 11:04:12,14,1
12-Mar-2008 11:04:14,12-Mar-2008 12:41:21,5,1
12-Mar-2008 11:04:14,12-Mar-2008 11:04:16,14,1
12-Mar-2008 11:10:10,12-Mar-2008 11:10:14,12,1
12-Mar-2008 12:21:19,12-Mar-2008 12:21:23,12,1
12-Mar-2008 12:41:23,12-Mar-2008 12:41:24,5,1
12-Mar-2008 12:46:23,13-Mar-2008 01:18:37,5,1
12-Mar-2008 12:54:29,12-Mar-2008 12:54:34,12,1
12-Mar-2008 12:55:34,12-Mar-2008 12:55:39,12,1
13-Mar-2008 00:52:47,13-Mar-2008 00:52:51,12,1
13-Mar-2008 00:54:23,13-Mar-2008 00:54:40,17,1
13-Mar-2008 00:54:42,13-Mar-2008 00:54:44,9,1
13-Mar-2008 00:55:28,13-Mar-2008 00:55:32,23,1
13-Mar-2008 00:56:05,13-Mar-2008 00:56:07,23,1
13-Mar-2008 01:18:40,13-Mar-2008 01:18:41,5,1
13-Mar-2008 01:20:43,13-Mar-2008 01:20:45,14,1
13-Mar-2008 01:20:49,13-Mar-2008 01:23:54,5,1
13-Mar-2008 01:23:57,13-Mar-2008 01:23:58,5,1
13-Mar-2008 06:27:52,13-Mar-2008 06:27:54,24,1
13-Mar-2008 06:27:58,13-Mar-2008 06:30:35,24,1
13-Mar-2008 06:28:41,13-Mar-2008 06:28:42,14,1
13-Mar-2008 06:30:11,13-Mar-2008 08:22:15,5,1
13-Mar-2008 08:21:51,13-Mar-2008 08:21:53,24,1
13-Mar-2008 08:21:57,13-Mar-2008 19:00:14,24,1
13-Mar-2008 08:22:19,13-Mar-2008 08:22:21,5,1
13-Mar-2008 08:22:48,13-Mar-2008 08:22:49,14,1
13-Mar-2008 08:22:56,13-Mar-2008 09:41:10,5,1
13-Mar-2008 09:19:50,13-Mar-2008 09:19:59,9,1
13-Mar-2008 09:19:55,13-Mar-2008 09:19:56,23,1
13-Mar-2008 09:20:09,13-Mar-2008 09:20:14,23,1
13-Mar-2008 09:20:14,13-Mar-2008 09:20:16,23,1
13-Mar-2008 09:20:17,13-Mar-2008 09:20:18,23,1
13-Mar-2008 09:20:18,13-Mar-2008 09:20:20,8,1
13-Mar-2008 09:41:12,13-Mar-2008 09:41:13,5,1
13-Mar-2008 09:47:43,13-Mar-2008 09:47:45,5,1
13-Mar-2008 09:47:48,13-Mar-2008 17:55:07,5,1
13-Mar-2008 09:57:47,13-Mar-2008 09:57:51,12,1
13-Mar-2008 17:50:08,13-Mar-2008 17:50:12,12,1
13-Mar-2008 17:53:15,13-Mar-2008 17:53:19,6,1
13-Mar-2008 17:54:06,13-Mar-2008 17:54:07,14,1
13-Mar-2008 17:54:08,13-Mar-2008 17:54:09,6,1
13-Mar-2008 17:54:12,13-Mar-2008 17:54:13,14,1
13-Mar-2008 18:39:17,13-Mar-2008 18:39:18,23,1
13-Mar-2008 18:39:22,13-Mar-2008 18:39:33,23,1
13-Mar-2008 18:39:42,13-Mar-2008 18:39:44,7,1
13-Mar-2008 18:40:01,13-Mar-2008 18:40:05,23,1
13-Mar-2008 18:54:55,13-Mar-2008 18:54:57,6,1
13-Mar-2008 18:55:00,13-Mar-2008 18:55:06,6,1
13-Mar-2008 18:56:02,13-Mar-2008 18:59:11,1,1
13-Mar-2008 19:00:49,13-Mar-2008 19:00:58,24,1
13-Mar-2008 19:07:24,13-Mar-2008 19:07:26,12,1
13-Mar-2008 19:07:30,13-Mar-2008 19:07:50,12,1
13-Mar-2008 20:26:56,13-Mar-2008 20:26:57,12,1
13-Mar-2008 20:27:01,13-Mar-2008 20:28:06,12,1
13-Mar-2008 20:31:26,13-Mar-2008 20:31:30,6,1
13-Mar-2008 20:33:01,13-Mar-2008 20:33:03,14,1
13-Mar-2008 20:33:04,13-Mar-2008 20:33:10,6,1
13-Mar-2008 20:33:22,13-Mar-2008 20:33:23,5,1
13-Mar-2008 20:33:49,13-Mar-2008 20:33:53,12,1
13-Mar-2008 20:34:13,13-Mar-2008 20:34:15,12,1
13-Mar-2008 20:34:24,13-Mar-2008 20:34:26,12,1
14-Mar-2008 00:34:57,14-Mar-2008 00:35:02,12,1
14-Mar-2008 00:36:02,14-Mar-2008 00:36:04,8,1
14-Mar-2008 00:36:14,14-Mar-2008 00:36:15,8,1
14-Mar-2008 00:37:49,14-Mar-2008 00:37:53,5,1
14-Mar-2008 00:38:17,14-Mar-2008 00:38:19,6,1
14-Mar-2008 00:39:05,14-Mar-2008 00:39:09,6,1
14-Mar-2008 00:45:13,14-Mar-2008 00:45:14,24,1
14-Mar-2008 00:45:16,14-Mar-2008 00:46:53,24,1
14-Mar-2008 00:45:31,14-Mar-2008 00:46:49,5,1
14-Mar-2008 05:29:04,14-Mar-2008 05:29:05,24,1
14-Mar-2008 05:29:09,14-Mar-2008 05:43:35,24,1
14-Mar-2008 05:29:13,14-Mar-2008 05:29:18,6,1
14-Mar-2008 05:34:33,14-Mar-2008 05:34:35,14,1
14-Mar-2008 05:34:41,14-Mar-2008 05:34:45,5,1
14-Mar-2008 05:34:48,14-Mar-2008 05:34:50,5,1
14-Mar-2008 05:34:55,14-Mar-2008 05:34:56,14,1
14-Mar-2008 05:34:58,14-Mar-2008 05:34:59,6,1
14-Mar-2008 05:35:20,14-Mar-2008 05:35:22,14,1
14-Mar-2008 05:36:04,14-Mar-2008 05:36:06,14,1
14-Mar-2008 05:38:37,14-Mar-2008 05:38:38,14,1
14-Mar-2008 05:39:15,14-Mar-2008 05:39:19,6,1
14-Mar-2008 05:39:21,14-Mar-2008 05:43:27,5,1
14-Mar-2008 08:58:44,14-Mar-2008 08:58:45,24,1
14-Mar-2008 08:58:49,15-Mar-2008 00:00:20,24,1
14-Mar-2008 08:59:04,14-Mar-2008 09:14:09,5,1
14-Mar-2008 09:12:53,14-Mar-2008 09:12:57,6,1
14-Mar-2008 09:13:54,14-Mar-2008 09:13:56,14,1
14-Mar-2008 09:14:00,14-Mar-2008 09:14:01,6,1
14-Mar-2008 09:14:05,14-Mar-2008 09:14:07,14,1
14-Mar-2008 09:15:03,14-Mar-2008 09:15:12,9,1
14-Mar-2008 09:15:18,14-Mar-2008 09:15:25,23,1
14-Mar-2008 09:15:27,14-Mar-2008 09:15:47,8,1
14-Mar-2008 09:18:04,14-Mar-2008 09:18:10,9,1
14-Mar-2008 09:57:21,14-Mar-2008 09:57:25,6,1
14-Mar-2008 09:59:05,14-Mar-2008 09:59:07,14,1
14-Mar-2008 10:00:25,14-Mar-2008 10:00:27,6,1
14-Mar-2008 10:00:30,14-Mar-2008 10:00:47,5,1
14-Mar-2008 10:31:17,14-Mar-2008 10:31:19,5,1
14-Mar-2008 10:31:23,14-Mar-2008 10:31:29,5,1
14-Mar-2008 10:40:41,14-Mar-2008 10:40:43,5,1
14-Mar-2008 10:40:47,14-Mar-2008 17:20:00,5,1
14-Mar-2008 10:49:24,14-Mar-2008 10:49:28,12,1
14-Mar-2008 17:13:23,14-Mar-2008 17:13:27,12,1
14-Mar-2008 17:13:55,14-Mar-2008 17:13:57,8,1
14-Mar-2008 17:14:11,14-Mar-2008 17:14:13,9,1
14-Mar-2008 17:14:15,14-Mar-2008 17:14:17,1,1
14-Mar-2008 17:14:23,14-Mar-2008 17:14:26,8,1
14-Mar-2008 17:15:20,14-Mar-2008 17:15:22,1,1
14-Mar-2008 17:20:02,14-Mar-2008 17:20:06,6,1
14-Mar-2008 17:20:39,14-Mar-2008 17:20:44,6,1
14-Mar-2008 17:55:46,14-Mar-2008 17:55:49,12,1
14-Mar-2008 22:54:56,14-Mar-2008 22:55:00,12,1
14-Mar-2008 22:55:42,14-Mar-2008 22:55:48,9,1
14-Mar-2008 22:55:50,14-Mar-2008 22:55:54,8,1
14-Mar-2008 22:56:01,14-Mar-2008 22:56:03,8,1
14-Mar-2008 22:56:05,14-Mar-2008 22:56:07,1,1
14-Mar-2008 22:57:50,14-Mar-2008 22:57:54,1,1
14-Mar-2008 23:04:25,14-Mar-2008 23:04:29,6,1
14-Mar-2008 23:05:06,14-Mar-2008 23:05:08,14,1
14-Mar-2008 23:05:10,14-Mar-2008 23:05:12,6,1
14-Mar-2008 23:57:16,14-Mar-2008 23:57:20,6,1
14-Mar-2008 23:57:53,14-Mar-2008 23:57:55,14,1
14-Mar-2008 23:57:57,14-Mar-2008 23:58:05,6,1
14-Mar-2008 23:58:01,15-Mar-2008 04:06:58,5,1
15-Mar-2008 04:06:48,15-Mar-2008 04:06:49,24,1
15-Mar-2008 04:06:54,15-Mar-2008 04:07:54,24,1
15-Mar-2008 04:07:00,15-Mar-2008 04:07:02,6,1
15-Mar-2008 04:07:48,15-Mar-2008 04:07:52,6,1
15-Mar-2008 08:59:43,15-Mar-2008 08:59:45,24,1
15-Mar-2008 08:59:47,15-Mar-2008 08:59:48,6,1
15-Mar-2008 08:59:50,15-Mar-2008 09:00:22,6,1
15-Mar-2008 08:59:56,15-Mar-2008 09:00:27,24,1
15-Mar-2008 09:00:16,15-Mar-2008 09:00:18,14,1
15-Mar-2008 09:01:27,15-Mar-2008 09:01:51,24,1
15-Mar-2008 09:53:27,15-Mar-2008 09:53:28,24,1
15-Mar-2008 09:53:33,16-Mar-2008 01:31:36,24,1
15-Mar-2008 10:07:09,15-Mar-2008 10:07:13,6,1
15-Mar-2008 10:09:01,15-Mar-2008 10:09:02,14,1
15-Mar-2008 10:09:02,15-Mar-2008 10:09:04,14,1
15-Mar-2008 10:09:04,15-Mar-2008 10:09:06,6,1
15-Mar-2008 10:09:06,15-Mar-2008 10:09:23,5,1
15-Mar-2008 10:09:42,15-Mar-2008 10:09:43,8,1
15-Mar-2008 10:09:47,15-Mar-2008 10:09:58,8,1
15-Mar-2008 10:10:00,15-Mar-2008 10:10:02,9,1
15-Mar-2008 10:10:05,15-Mar-2008 10:10:18,23,1
15-Mar-2008 10:10:55,15-Mar-2008 10:10:59,8,1
15-Mar-2008 10:40:21,15-Mar-2008 10:40:25,6,1
15-Mar-2008 10:41:07,15-Mar-2008 10:41:11,6,1
15-Mar-2008 12:36:22,15-Mar-2008 12:36:26,6,1
15-Mar-2008 12:37:10,15-Mar-2008 12:37:12,6,1
15-Mar-2008 13:41:37,15-Mar-2008 13:41:48,9,1
15-Mar-2008 13:41:43,15-Mar-2008 13:41:44,8,1
15-Mar-2008 13:41:50,15-Mar-2008 13:41:52,1,1
15-Mar-2008 13:43:06,15-Mar-2008 13:43:10,1,1
15-Mar-2008 13:56:01,15-Mar-2008 13:56:03,6,1
15-Mar-2008 13:56:05,15-Mar-2008 13:57:00,6,1
15-Mar-2008 14:05:02,15-Mar-2008 14:05:04,6,1
15-Mar-2008 14:05:08,15-Mar-2008 14:08:45,6,1
15-Mar-2008 14:30:34,15-Mar-2008 14:30:38,6,1
15-Mar-2008 14:31:50,15-Mar-2008 14:31:52,14,1
15-Mar-2008 14:31:54,15-Mar-2008 14:31:59,6,1
15-Mar-2008 14:31:55,15-Mar-2008 14:31:56,14,1
15-Mar-2008 14:35:11,15-Mar-2008 14:35:14,5,1
15-Mar-2008 14:45:06,15-Mar-2008 14:45:08,5,1
15-Mar-2008 14:45:11,15-Mar-2008 19:44:01,5,1
15-Mar-2008 15:39:30,15-Mar-2008 15:39:31,20,1
15-Mar-2008 15:39:37,15-Mar-2008 15:40:49,20,1
15-Mar-2008 15:42:02,15-Mar-2008 15:46:34,13,1
15-Mar-2008 15:42:13,15-Mar-2008 15:44:54,9,1
15-Mar-2008 15:43:29,15-Mar-2008 15:43:53,7,1
15-Mar-2008 15:44:48,15-Mar-2008 15:46:30,7,1
15-Mar-2008 15:45:27,15-Mar-2008 15:45:39,9,1
15-Mar-2008 15:46:49,15-Mar-2008 15:46:56,23,1
15-Mar-2008 16:10:13,15-Mar-2008 16:12:58,13,1
15-Mar-2008 18:02:03,15-Mar-2008 18:02:04,20,1
15-Mar-2008 18:02:09,15-Mar-2008 18:04:15,20,1
15-Mar-2008 18:15:29,15-Mar-2008 18:15:30,23,1
15-Mar-2008 18:15:34,15-Mar-2008 18:15:40,23,1
15-Mar-2008 18:15:43,15-Mar-2008 18:16:09,17,1
15-Mar-2008 18:16:24,15-Mar-2008 18:16:26,1,1
15-Mar-2008 18:26:05,15-Mar-2008 18:26:10,9,1
15-Mar-2008 18:26:33,15-Mar-2008 18:27:28,1,1
15-Mar-2008 18:38:51,15-Mar-2008 18:38:52,1,1
15-Mar-2008 18:38:56,15-Mar-2008 18:39:33,1,1
15-Mar-2008 18:55:17,15-Mar-2008 18:55:21,7,1
15-Mar-2008 18:55:23,15-Mar-2008 18:55:30,8,1
15-Mar-2008 18:55:41,15-Mar-2008 18:55:43,8,1
15-Mar-2008 19:33:59,15-Mar-2008 19:34:01,20,1
15-Mar-2008 19:34:04,15-Mar-2008 19:34:27,20,1
15-Mar-2008 19:34:29,15-Mar-2008 19:34:30,20,1
15-Mar-2008 19:44:06,15-Mar-2008 19:44:07,6,1
15-Mar-2008 19:44:09,15-Mar-2008 19:44:11,5,1
15-Mar-2008 19:44:41,15-Mar-2008 19:44:42,14,1
15-Mar-2008 19:44:45,15-Mar-2008 19:44:46,14,1
15-Mar-2008 19:44:53,15-Mar-2008 19:44:57,6,1
15-Mar-2008 19:45:29,15-Mar-2008 19:45:32,12,1
16-Mar-2008 00:28:00,16-Mar-2008 00:28:03,12,1
16-Mar-2008 00:31:57,16-Mar-2008 10:04:13,23,1
16-Mar-2008 00:32:21,16-Mar-2008 00:32:23,1,1
16-Mar-2008 00:32:35,16-Mar-2008 00:32:36,8,1
16-Mar-2008 00:32:43,16-Mar-2008 00:32:45,8,1
16-Mar-2008 00:36:28,16-Mar-2008 00:36:31,9,1
16-Mar-2008 00:36:43,16-Mar-2008 00:36:44,1,1
16-Mar-2008 01:28:28,16-Mar-2008 01:28:29,5,1
16-Mar-2008 01:28:34,16-Mar-2008 01:30:03,5,1
16-Mar-2008 01:30:22,16-Mar-2008 01:30:27,5,1
16-Mar-2008 01:30:33,16-Mar-2008 01:30:37,6,1
16-Mar-2008 01:30:58,16-Mar-2008 01:30:59,14,1
16-Mar-2008 01:31:01,16-Mar-2008 01:31:06,6,1
16-Mar-2008 09:05:45,16-Mar-2008 09:05:46,24,1
16-Mar-2008 09:05:52,16-Mar-2008 22:02:59,24,1
16-Mar-2008 09:06:33,16-Mar-2008 09:06:36,6,1
16-Mar-2008 09:07:05,16-Mar-2008 09:07:06,14,1
16-Mar-2008 09:07:08,16-Mar-2008 09:07:10,6,1
16-Mar-2008 09:07:12,16-Mar-2008 09:07:15,6,1
16-Mar-2008 09:07:15,16-Mar-2008 09:07:17,14,1
16-Mar-2008 09:20:05,16-Mar-2008 09:20:09,6,1
16-Mar-2008 09:22:32,16-Mar-2008 09:22:33,14,1
16-Mar-2008 09:22:41,16-Mar-2008 09:22:56,6,1
16-Mar-2008 09:22:43,16-Mar-2008 09:22:44,5,1
16-Mar-2008 09:22:46,16-Mar-2008 09:23:07,5,1
16-Mar-2008 10:04:01,16-Mar-2008 10:04:02,9,1
16-Mar-2008 10:04:06,16-Mar-2008 10:04:07,9,1
16-Mar-2008 10:04:20,16-Mar-2008 10:04:22,23,1
16-Mar-2008 10:04:26,16-Mar-2008 10:04:30,8,1
16-Mar-2008 10:04:43,16-Mar-2008 10:04:46,8,1
16-Mar-2008 10:42:12,16-Mar-2008 10:42:16,5,1
16-Mar-2008 10:48:11,16-Mar-2008 10:48:12,5,1
16-Mar-2008 10:48:16,16-Mar-2008 10:48:17,5,1
16-Mar-2008 11:27:52,16-Mar-2008 11:27:53,12,1
16-Mar-2008 21:37:14,16-Mar-2008 21:37:20,12,1
16-Mar-2008 21:38:10,16-Mar-2008 21:38:13,6,1
16-Mar-2008 21:38:54,16-Mar-2008 21:38:58,6,1
16-Mar-2008 21:38:55,16-Mar-2008 21:38:56,14,1
16-Mar-2008 21:46:22,16-Mar-2008 21:46:23,7,1
16-Mar-2008 21:46:27,16-Mar-2008 21:46:34,7,1
16-Mar-2008 21:46:40,16-Mar-2008 21:46:43,7,1
16-Mar-2008 22:00:46,16-Mar-2008 22:00:47,5,1
16-Mar-2008 22:00:51,16-Mar-2008 22:02:09,5,1
16-Mar-2008 22:02:31,16-Mar-2008 22:02:33,5,1
16-Mar-2008 22:03:25,16-Mar-2008 22:03:38,24,1
16-Mar-2008 22:46:48,16-Mar-2008 22:46:50,24,1
16-Mar-2008 22:46:54,16-Mar-2008 22:48:04,24,1
16-Mar-2008 22:47:16,16-Mar-2008 22:47:20,6,1
16-Mar-2008 22:47:52,16-Mar-2008 22:47:53,14,1
16-Mar-2008 22:47:55,16-Mar-2008 22:47:59,6,1
17-Mar-2008 05:44:22,17-Mar-2008 05:44:23,24,1
17-Mar-2008 05:44:27,17-Mar-2008 05:45:13,24,1
17-Mar-2008 05:44:29,17-Mar-2008 05:44:34,6,1
17-Mar-2008 05:45:02,17-Mar-2008 05:45:04,14,1
17-Mar-2008 05:45:06,17-Mar-2008 05:45:09,6,1
17-Mar-2008 08:10:10,17-Mar-2008 08:10:12,24,1
17-Mar-2008 08:10:16,18-Mar-2008 00:52:14,24,1
17-Mar-2008 08:30:08,17-Mar-2008 08:30:12,6,1
17-Mar-2008 08:30:45,17-Mar-2008 08:30:47,14,1
17-Mar-2008 08:31:04,17-Mar-2008 08:31:06,6,1
17-Mar-2008 08:32:00,17-Mar-2008 08:32:05,9,1
17-Mar-2008 08:32:09,17-Mar-2008 08:32:31,23,1
17-Mar-2008 08:32:29,17-Mar-2008 08:32:31,8,1
17-Mar-2008 08:32:50,17-Mar-2008 08:32:53,8,1
17-Mar-2008 08:54:14,17-Mar-2008 08:54:15,5,1
17-Mar-2008 08:54:20,17-Mar-2008 08:54:28,5,1
17-Mar-2008 09:02:24,17-Mar-2008 09:02:26,5,1
17-Mar-2008 09:02:30,17-Mar-2008 09:09:38,5,1
17-Mar-2008 09:09:34,17-Mar-2008 09:09:36,6,1
17-Mar-2008 09:12:09,17-Mar-2008 09:12:10,14,1
17-Mar-2008 09:13:51,17-Mar-2008 09:13:52,14,1
17-Mar-2008 09:13:54,17-Mar-2008 09:14:01,6,1
17-Mar-2008 09:14:01,17-Mar-2008 09:14:03,6,1
17-Mar-2008 09:14:04,17-Mar-2008 09:14:05,6,1
17-Mar-2008 09:14:10,17-Mar-2008 09:14:11,6,1
17-Mar-2008 09:14:48,17-Mar-2008 19:13:11,5,1
17-Mar-2008 09:16:30,17-Mar-2008 09:16:35,12,1
17-Mar-2008 19:11:21,17-Mar-2008 19:11:25,12,1
17-Mar-2008 19:13:14,17-Mar-2008 19:13:16,6,1
17-Mar-2008 19:13:50,17-Mar-2008 19:13:53,6,1
17-Mar-2008 19:13:50,17-Mar-2008 19:13:52,14,1
17-Mar-2008 19:43:37,17-Mar-2008 19:43:39,18,1
17-Mar-2008 19:43:41,17-Mar-2008 19:43:49,18,1
17-Mar-2008 19:43:54,17-Mar-2008 19:44:14,13,1
17-Mar-2008 19:49:30,17-Mar-2008 19:49:35,18,1
17-Mar-2008 19:50:35,17-Mar-2008 19:50:36,18,1
17-Mar-2008 19:50:57,17-Mar-2008 19:51:02,9,1
17-Mar-2008 19:53:10,17-Mar-2008 19:53:14,9,1
17-Mar-2008 19:53:38,17-Mar-2008 19:53:42,7,1
17-Mar-2008 20:02:42,17-Mar-2008 20:02:43,23,1
17-Mar-2008 20:02:47,17-Mar-2008 20:03:19,23,1
17-Mar-2008 20:04:59,17-Mar-2008 20:05:02,6,1
17-Mar-2008 20:06:30,17-Mar-2008 20:06:31,14,1
17-Mar-2008 20:06:33,17-Mar-2008 20:06:37,6,1
17-Mar-2008 20:08:23,17-Mar-2008 20:08:26,18,1
17-Mar-2008 20:08:31,17-Mar-2008 20:08:32,18,1
17-Mar-2008 20:08:38,17-Mar-2008 20:08:39,18,1
17-Mar-2008 20:09:00,18-Mar-2008 08:28:04,18,1
17-Mar-2008 20:12:26,17-Mar-2008 20:12:28,9,1
17-Mar-2008 20:17:08,17-Mar-2008 20:17:11,7,1
17-Mar-2008 20:38:33,17-Mar-2008 20:38:34,17,1
17-Mar-2008 20:38:38,17-Mar-2008 20:38:44,17,1
17-Mar-2008 21:33:37,17-Mar-2008 21:33:39,8,1
17-Mar-2008 21:33:43,17-Mar-2008 21:33:52,8,1
17-Mar-2008 21:33:47,17-Mar-2008 21:33:48,7,1
17-Mar-2008 21:33:50,17-Mar-2008 21:33:54,7,1
17-Mar-2008 22:26:19,17-Mar-2008 22:26:23,6,1
17-Mar-2008 22:27:02,17-Mar-2008 22:27:03,14,1
17-Mar-2008 22:27:05,17-Mar-2008 22:27:09,6,1
18-Mar-2008 00:48:18,18-Mar-2008 00:48:22,6,1
18-Mar-2008 00:49:03,18-Mar-2008 00:49:08,6,1
18-Mar-2008 00:49:03,18-Mar-2008 00:49:04,14,1
18-Mar-2008 00:49:09,18-Mar-2008 00:49:10,14,1
18-Mar-2008 00:49:10,18-Mar-2008 00:50:30,5,1
18-Mar-2008 00:52:34,18-Mar-2008 00:52:54,24,1
18-Mar-2008 00:52:56,18-Mar-2008 00:52:58,24,1
18-Mar-2008 06:22:43,18-Mar-2008 06:22:44,24,1
18-Mar-2008 06:22:48,18-Mar-2008 06:24:02,24,1
18-Mar-2008 06:23:18,18-Mar-2008 06:23:22,6,1
18-Mar-2008 06:23:48,18-Mar-2008 06:23:49,14,1
18-Mar-2008 06:23:54,18-Mar-2008 06:23:55,6,1
18-Mar-2008 07:48:22,18-Mar-2008 07:48:23,24,1
18-Mar-2008 07:48:28,19-Mar-2008 00:43:42,24,1
18-Mar-2008 08:15:13,18-Mar-2008 08:15:16,6,1
18-Mar-2008 08:16:23,18-Mar-2008 08:16:25,14,1
18-Mar-2008 08:18:50,18-Mar-2008 08:18:51,14,1
18-Mar-2008 08:18:53,18-Mar-2008 18:01:06,6,1
18-Mar-2008 08:18:54,18-Mar-2008 08:18:55,14,1
18-Mar-2008 08:19:14,18-Mar-2008 08:19:15,14,1
18-Mar-2008 08:19:15,18-Mar-2008 08:19:17,5,1
18-Mar-2008 08:20:35,18-Mar-2008 08:20:39,9,1
18-Mar-2008 08:20:41,18-Mar-2008 08:20:54,17,1
18-Mar-2008 08:21:31,18-Mar-2008 08:21:35,17,1
18-Mar-2008 08:21:36,18-Mar-2008 08:21:38,1,1
18-Mar-2008 08:22:45,18-Mar-2008 08:22:47,1,1
18-Mar-2008 08:22:49,18-Mar-2008 08:22:54,8,1
18-Mar-2008 08:23:26,18-Mar-2008 08:23:28,8,1
18-Mar-2008 08:39:43,18-Mar-2008 08:39:47,5,1
18-Mar-2008 08:52:20,18-Mar-2008 08:52:22,5,1
18-Mar-2008 08:52:25,18-Mar-2008 18:01:04,5,1
18-Mar-2008 09:15:16,18-Mar-2008 09:15:19,12,1
18-Mar-2008 18:00:11,18-Mar-2008 18:00:14,12,1
18-Mar-2008 18:07:17,18-Mar-2008 18:07:19,14,1
18-Mar-2008 18:07:20,18-Mar-2008 18:07:21,14,1
18-Mar-2008 18:08:09,18-Mar-2008 18:08:11,6,1
18-Mar-2008 18:21:40,18-Mar-2008 18:21:43,6,1
18-Mar-2008 18:22:58,18-Mar-2008 18:22:59,14,1
18-Mar-2008 18:23:34,18-Mar-2008 18:23:38,6,1
18-Mar-2008 18:25:11,18-Mar-2008 18:25:16,12,1
18-Mar-2008 23:39:17,18-Mar-2008 23:39:19,12,1
18-Mar-2008 23:39:23,18-Mar-2008 23:39:30,12,1
19-Mar-2008 00:40:34,19-Mar-2008 00:40:38,6,1
19-Mar-2008 00:41:15,19-Mar-2008 07:51:08,6,1
19-Mar-2008 00:42:20,19-Mar-2008 07:51:06,5,1
19-Mar-2008 07:50:56,19-Mar-2008 07:50:57,24,1
19-Mar-2008 07:51:02,19-Mar-2008 07:52:22,24,1
19-Mar-2008 07:51:51,19-Mar-2008 07:51:58,6,1
19-Mar-2008 07:51:53,19-Mar-2008 07:51:54,5,1
19-Mar-2008 07:51:56,19-Mar-2008 09:49:34,5,1
19-Mar-2008 08:43:18,19-Mar-2008 08:43:20,24,1
19-Mar-2008 08:43:24,19-Mar-2008 21:54:44,24,1
19-Mar-2008 09:38:32,19-Mar-2008 09:38:43,8,1
19-Mar-2008 09:38:43,19-Mar-2008 09:38:45,23,1
19-Mar-2008 09:38:47,19-Mar-2008 09:38:54,17,1
19-Mar-2008 09:38:59,19-Mar-2008 09:39:00,8,1
19-Mar-2008 09:39:09,19-Mar-2008 09:39:11,1,1
19-Mar-2008 09:39:18,19-Mar-2008 09:39:24,17,1
19-Mar-2008 09:39:23,19-Mar-2008 09:39:24,7,1
19-Mar-2008 09:40:27,19-Mar-2008 09:40:29,1,1
19-Mar-2008 09:48:33,19-Mar-2008 09:48:37,6,1
19-Mar-2008 09:49:00,19-Mar-2008 09:49:01,14,1
19-Mar-2008 09:49:04,19-Mar-2008 09:49:08,6,1
19-Mar-2008 09:49:05,19-Mar-2008 09:49:06,14,1
19-Mar-2008 09:58:53,19-Mar-2008 09:58:54,5,1
19-Mar-2008 09:58:58,19-Mar-2008 17:19:30,5,1
19-Mar-2008 10:09:10,19-Mar-2008 10:09:12,12,1
19-Mar-2008 10:09:15,19-Mar-2008 10:09:21,12,1
19-Mar-2008 17:15:11,19-Mar-2008 17:15:13,12,1
19-Mar-2008 17:19:54,19-Mar-2008 17:20:15,5,1
19-Mar-2008 17:21:57,19-Mar-2008 21:49:12,5,1
19-Mar-2008 17:26:44,19-Mar-2008 17:26:46,12,1
19-Mar-2008 20:19:40,19-Mar-2008 20:19:43,12,1
19-Mar-2008 20:46:22,19-Mar-2008 20:46:27,6,1
19-Mar-2008 20:48:49,19-Mar-2008 20:48:50,14,1
19-Mar-2008 20:48:52,19-Mar-2008 20:48:58,6,1
19-Mar-2008 21:19:56,19-Mar-2008 21:19:59,7,1
19-Mar-2008 21:20:23,19-Mar-2008 21:20:53,23,1
19-Mar-2008 21:49:23,19-Mar-2008 21:49:25,6,1
19-Mar-2008 21:51:28,19-Mar-2008 21:51:29,14,1
19-Mar-2008 21:51:31,19-Mar-2008 21:51:35,6,1
19-Mar-2008 21:51:35,19-Mar-2008 21:51:36,6,1
19-Mar-2008 21:51:38,19-Mar-2008 21:51:40,6,1
19-Mar-2008 21:51:45,19-Mar-2008 21:51:46,6,1
19-Mar-2008 21:51:57,19-Mar-2008 21:51:59,6,1
19-Mar-2008 21:52:21,19-Mar-2008 21:52:23,6,1
19-Mar-2008 21:52:57,19-Mar-2008 21:52:58,6,1
19-Mar-2008 21:53:00,19-Mar-2008 21:53:50,5,1
19-Mar-2008 21:53:33,19-Mar-2008 21:53:35,6,1
19-Mar-2008 21:54:34,19-Mar-2008 21:54:36,5,1
20-Mar-2008 00:34:37,20-Mar-2008 00:34:38,24,1
20-Mar-2008 00:34:42,20-Mar-2008 00:36:17,24,1
20-Mar-2008 00:35:10,20-Mar-2008 00:35:12,6,1
20-Mar-2008 00:35:38,20-Mar-2008 00:35:40,14,1
20-Mar-2008 00:35:43,20-Mar-2008 00:35:58,6,1
20-Mar-2008 00:35:43,20-Mar-2008 00:35:45,14,1
20-Mar-2008 06:57:50,20-Mar-2008 06:57:51,24,1
20-Mar-2008 06:57:54,20-Mar-2008 06:57:55,24,1
20-Mar-2008 06:57:57,20-Mar-2008 06:57:58,6,1
20-Mar-2008 06:58:15,20-Mar-2008 06:58:43,24,1
20-Mar-2008 06:58:30,20-Mar-2008 06:58:32,14,1
20-Mar-2008 06:58:32,20-Mar-2008 06:58:37,6,1
20-Mar-2008 08:31:01,20-Mar-2008 08:31:02,24,1
20-Mar-2008 08:31:06,21-Mar-2008 00:00:07,24,1
20-Mar-2008 08:45:45,20-Mar-2008 08:45:50,6,1
20-Mar-2008 08:46:54,20-Mar-2008 08:46:55,14,1
20-Mar-2008 08:46:57,20-Mar-2008 08:47:01,6,1
20-Mar-2008 09:12:03,20-Mar-2008 09:12:08,9,1
20-Mar-2008 09:12:10,20-Mar-2008 09:12:18,17,1
20-Mar-2008 09:12:13,20-Mar-2008 09:12:14,9,1
20-Mar-2008 09:12:25,20-Mar-2008 09:12:27,9,1
20-Mar-2008 09:12:29,20-Mar-2008 09:12:32,1,1
20-Mar-2008 09:12:40,20-Mar-2008 09:12:45,17,1
20-Mar-2008 09:13:43,20-Mar-2008 09:13:47,1,1
20-Mar-2008 09:14:18,20-Mar-2008 09:14:33,23,1
20-Mar-2008 09:14:34,20-Mar-2008 09:14:35,8,1
20-Mar-2008 09:14:57,20-Mar-2008 09:15:01,8,1
20-Mar-2008 09:42:46,20-Mar-2008 09:42:48,5,1
20-Mar-2008 09:42:52,20-Mar-2008 09:43:19,5,1
20-Mar-2008 09:43:21,20-Mar-2008 09:43:23,5,1
20-Mar-2008 09:49:48,20-Mar-2008 09:49:49,5,1
20-Mar-2008 09:49:54,20-Mar-2008 22:51:15,5,1
20-Mar-2008 09:57:12,20-Mar-2008 09:57:16,12,1
20-Mar-2008 22:49:20,20-Mar-2008 22:49:22,12,1
20-Mar-2008 22:49:23,20-Mar-2008 22:49:24,12,1
20-Mar-2008 22:51:14,20-Mar-2008 22:51:15,5,1
20-Mar-2008 22:51:17,20-Mar-2008 22:51:21,6,1
20-Mar-2008 22:52:39,20-Mar-2008 22:52:41,14,1
20-Mar-2008 22:54:59,20-Mar-2008 22:55:00,14,1
20-Mar-2008 22:55:02,20-Mar-2008 22:55:07,6,1
20-Mar-2008 22:55:09,20-Mar-2008 22:55:29,5,1
20-Mar-2008 23:36:23,20-Mar-2008 23:36:28,6,1
20-Mar-2008 23:40:23,20-Mar-2008 23:40:24,14,1
20-Mar-2008 23:40:31,20-Mar-2008 23:40:35,6,1
20-Mar-2008 23:40:42,20-Mar-2008 23:41:05,5,1
20-Mar-2008 23:56:37,20-Mar-2008 23:56:39,5,1
20-Mar-2008 23:56:41,20-Mar-2008 23:58:03,5,1
20-Mar-2008 23:58:45,20-Mar-2008 23:58:47,6,1
20-Mar-2008 23:58:47,20-Mar-2008 23:58:49,6,1
20-Mar-2008 23:59:14,20-Mar-2008 23:59:15,14,1
20-Mar-2008 23:59:17,20-Mar-2008 23:59:26,6,1
20-Mar-2008 23:59:26,20-Mar-2008 23:59:41,5,1
21-Mar-2008 00:00:10,21-Mar-2008 00:00:11,24,1
21-Mar-2008 03:49:46,21-Mar-2008 03:49:47,24,1
21-Mar-2008 03:49:54,21-Mar-2008 03:50:45,6,1
21-Mar-2008 03:49:58,21-Mar-2008 03:50:50,24,1
21-Mar-2008 03:50:39,21-Mar-2008 03:50:41,14,1
21-Mar-2008 08:30:53,21-Mar-2008 08:31:43,24,1
21-Mar-2008 08:31:00,21-Mar-2008 08:31:02,6,1
21-Mar-2008 08:31:24,21-Mar-2008 08:31:26,14,1
21-Mar-2008 08:31:28,21-Mar-2008 08:31:30,6,1
21-Mar-2008 09:04:20,21-Mar-2008 09:04:21,24,1
21-Mar-2008 09:04:25,21-Mar-2008 17:03:50,24,1
21-Mar-2008 09:13:24,21-Mar-2008 09:13:28,6,1
21-Mar-2008 09:14:18,21-Mar-2008 09:14:20,14,1
21-Mar-2008 09:14:24,21-Mar-2008 09:15:18,6,1
21-Mar-2008 09:17:57,21-Mar-2008 09:17:59,5,1
21-Mar-2008 09:24:17,21-Mar-2008 09:24:19,5,1
21-Mar-2008 09:24:23,21-Mar-2008 15:51:49,5,1
21-Mar-2008 09:42:35,21-Mar-2008 09:42:39,12,1
21-Mar-2008 15:50:15,21-Mar-2008 15:50:20,12,1
21-Mar-2008 15:52:04,21-Mar-2008 15:52:08,6,1
21-Mar-2008 15:52:53,21-Mar-2008 15:52:54,14,1
21-Mar-2008 15:52:54,21-Mar-2008 15:53:05,6,1
21-Mar-2008 15:53:02,21-Mar-2008 15:53:11,5,1
21-Mar-2008 15:54:05,21-Mar-2008 18:24:28,5,1
21-Mar-2008 15:57:07,21-Mar-2008 15:58:06,23,1
21-Mar-2008 15:57:51,21-Mar-2008 15:57:55,8,1
21-Mar-2008 17:03:53,21-Mar-2008 17:03:54,24,1
21-Mar-2008 17:06:51,21-Mar-2008 17:06:52,24,1
21-Mar-2008 17:06:57,21-Mar-2008 17:08:12,24,1
21-Mar-2008 18:05:08,21-Mar-2008 18:05:09,24,1
21-Mar-2008 18:24:30,21-Mar-2008 18:24:32,5,1
21-Mar-2008 18:24:38,21-Mar-2008 18:24:39,5,1
21-Mar-2008 18:24:49,21-Mar-2008 18:24:51,5,1
21-Mar-2008 18:25:15,21-Mar-2008 18:25:16,6,1
21-Mar-2008 18:27:45,21-Mar-2008 18:27:56,8,1
21-Mar-2008 18:27:56,21-Mar-2008 18:27:58,8,1
21-Mar-2008 18:27:59,21-Mar-2008 18:28:00,8,1
21-Mar-2008 18:28:18,21-Mar-2008 18:28:20,17,1
21-Mar-2008 19:11:10,21-Mar-2008 19:11:14,12,1
23-Mar-2008 19:04:45,23-Mar-2008 19:04:46,12,1
